{"cameraMode":{"drawMode":0,"name":"Shaded","section":"Shading Mode"},"sceneLighting":true,"audioPlay":false,"sceneViewState":{"m_AlwaysRefresh":false,"showFog":true,"showSkybox":true,"showFlares":true,"showImageEffects":true,"showParticleSystems":true,"showVisualEffectGraphs":true,"m_FxEnabled":true},"in2DMode":false,"pivot":{"x":114.75159454345703,"y":5.1703081130981449,"z":53.497314453125},"rotation":{"x":0.3832038938999176,"y":0.011096290312707425,"z":-0.004560679197311401,"w":0.9235511422157288},"size":11.155563354492188,"orthographic":false}