{"cameraMode":{"drawMode":0,"name":"Shaded","section":"Shading Mode"},"sceneLighting":true,"audioPlay":false,"sceneViewState":{"m_AlwaysRefresh":false,"showFog":true,"showSkybox":true,"showFlares":true,"showImageEffects":true,"showParticleSystems":true,"showVisualEffectGraphs":true,"m_FxEnabled":true},"in2DMode":false,"pivot":{"x":18.553909301757814,"y":-24.523780822753908,"z":63.310054779052737},"rotation":{"x":-0.42983460426330569,"y":0.0018951750826090575,"z":-0.0009005690808407962,"w":-0.9029070138931274},"size":37.04990768432617,"orthographic":false}